filename,frame index,x1,y1,x2,y2,x,y,r,score,label
0003_harlingen_20210810_0033,-,351.81783692,10469.517639392,887.160501744,11035.6318356606,-,-,-,1,Insect
0003_harlingen_20210810_0033,-,245.05566976,3087.941418562,766.121900148,3636.745026747,-,-,-,1,Insect
0003_harlingen_20210810_0033,-,1410.2469612,9889.179455652,1827.81306708,10303.1367357142,-,-,-,1,Insect
0003_harlingen_20210810_0033,-,1383.6011816,1450.35568615,1656.971324074,1719.604376917,-,-,-,1,Insect
0003_harlingen_20210810_0033,,10,20,40,50,-,-,-,1,Insect
